,sentences1,sentences2,is_similar
0,ඉන්දියාවේ කොටස් වෙළඳපොලේ ආයෝජනය කිරීම සඳහා පියවරෙන් පියවර උපදෙස් මොනවාද?,ඉන්දියාවේ කොටස් වෙළඳපොලේ ආයෝජනය කිරීම සඳහා පියවරෙන් පියවර උපදෙස් මොනවාද?,0
1,කොහිනූර් (කොහ්-ඉ-නූර්) දියමන්තිගේ කතාව කුමක්ද?,ඉන්දීය රජය විසින් කොහිනූර් (කොහ්-නූර්) දියමන්තිය නැවත සොරකම් කළහොත් කුමක් සිදුවේද?,0
2,වීපීඑන් එකක් භාවිතා කරන අතරතුර මගේ අන්තර්ජාල සම්බන්ධතාවයේ වේගය වැඩි කරන්නේ කෙසේද?, ඩීඑන්එස් හරහා අනවසරයෙන් ඇතුළුවීමෙන් අන්තර්ජාල වේගය වැඩි කරන්නේ කෙසේද?,0
3,මා මානසිකව ඉතා තනිකම වන්නේ ඇයි? මම එය විසඳන්නේ කෙසේද?, "[ගණිතය] 23 {24} [/ ගණිතය] 24,23 න් බෙදූ විට ඉතිරි කොටස සොයා ගන්න?",0
4,"සීනි, ලුණු, මීතේන් සහ කාබන් ඩී ඔක්සයිඩ් ජලයේ දියවන කුමන එකද?", ලුණු වතුරේ ඉතිරි වන්නේ කුමන මත්ස්‍යයාද?,0
5,ජ්යෝති gy ශාස්ත්රය: මම මකර සන් කැප් හඳක් සහ තොප්පිය නැගී සිටිමි ... එය මා ගැන කුමක් කියයිද?,"I'm a triple Capricorn (Sun, Moon and ascendant in Capricorn) What does this say about me?",1
6,මම ටියාගෝ මිලදී ගත යුතුද?, ළමා ක්‍රියාකාරී හා දුරකථන හා වීඩියෝ ක්‍රීඩා වලින් keep ත්ව සිටින්නේ කුමක් ද?,0
7,මට හොඳ භූ විද්‍යා ologist යෙකු වන්නේ කෙසේද?, ශ්‍රේෂ් ge භූ විද්‍යා ologist යෙකු වීමට මා කුමක් කළ යුතුද?,1
8,ඔබ of වෙනුවට use භාවිතා කරන්නේ කවදාද?, "ඔබ" සහ "" වෙනුවට "" සහ "" භාවිතා කරන්නේ කවදාද?,0
9,මෝටරෝලා (සමාගම): මට මගේ ප්‍ර ter ප්තිය මෝටරෝලා ඩීසීඑක්ස් 3400 හැක් කළ හැකිද?, නොමිලේ අන්තර්ජාලය සඳහා මෝටරෝලා ඩීසීඑක්ස් 3400 හැක් කරන්නේ කෙසේද?,0
10,ෆ්‍රෙස්නෙල් ද්විභාෂාව භාවිතයෙන් ස්ලයිට් වෙන් කිරීමේ ක්‍රමය කුමක්ද?, ලැප්ටොප් සහ එහි සංරචක වල කල්පැවැත්ම සහ විශ්වසනීයත්වය පිළිබඳව කාර්මිකයින්ට පැවසිය හැකි කරුණු මොනවාද?,0
11,මගේ යූ ටියුබ් අදහස් කියවා සොයා ගන්නේ කෙසේද?, මගේ සියලුම යූ ටියුබ් අදහස් දකින්නේ කෙසේද??,1
12,භෞතික විද්‍යාව ඉගෙනීම පහසු කරන්නේ කුමක් ද?, භෞතික විද්‍යාව ඉගෙනීම පහසු කරන්නේ කෙසේද?,1
13,ඔබේ පළමු ලිංගික අත්දැකීම මොන වගේද?, ඔබේ පළමු ලිංගික අත්දැකීම කුමක්ද?,1
14,"එක්සත් ජනපද ශිෂ්‍ය වීසා බලපත්‍රයක සිට හරිත කාඩ්පතක් දක්වා ඔබගේ තත්වය වෙනස් කිරීමට ඇති නීති මොනවාද, ඒවා කැනඩාවේ සංක්‍රමණ නීති සමඟ සැසඳෙන්නේ කෙසේද?", ශිෂ්‍ය වීසා බලපත්‍රයක සිට හරිත කාඩ්පතක් දක්වා ඔබේ තත්වය වෙනස් කිරීමට ඇති නීති මොනවාද? එක්සත් ජනපදයේ? ජපානයේ ආගමන නීති සමඟ ඒවා සැසඳෙන්නේ කෙසේද?,0
15,ට්‍රම්ප් ජනාධිපති ධුරය එෆ් 1 වීසා බලපත්‍රයක් මත වත්මන් ජාත්‍යන්තර මාස්ටර්ගේ සිසුන් සඳහා අදහස් කරන්නේ කුමක්ද?, ට්‍රම්ප් ජනාධිපති ධුරය දැනට එක්සත් ජනපදයේ සිටින හෝ එක්සත් ජනපදයේ ඉගෙනීමට සැලසුම් කරන සිසුන්ට බලපාන්නේ කෙසේද?,1
16,හැසිරවීම යන්නෙන් අදහස් කරන්නේ කුමක්ද?, හැසිරවීම යන්නෙන් අදහස් කරන්නේ කුමක්ද?,1
17,ගැහැනු ළමයින් තමන් ප්‍රතික්ෂේප කරන පුද්ගලයා සමඟ මිතුරු වීමට කැමති ඇයි?, ගැහැණු ළමයෙකු ප්‍රතික්ෂේප කිරීමෙන් පසු පිරිමි ළමයින්ට හැඟෙන්නේ කෙසේද?,0
18,බොහෝ Quora භාවිතා කරන්නන් ගූගල් හි පහසුවෙන් පිළිතුරු දිය හැකි ප්‍රශ්න පළ කරන්නේ ඇයි?, ගූගල් විසින් පහසුවෙන් පිළිතුරු දිය හැකි Quora ප්‍රශ්න මිනිසුන් අසන්නේ ඇයි?,1
19,බැන්ග්ලෝර් හි හොඳම ඩිජිටල් අලෙවිකරණ ආයතනය කුමක්ද?, පූනේහි හොඳම ඩිජිටල් අලෙවිකරණ ආයතනය කුමක්ද?,0
20,රොකට් සුදු ලෙස පෙනෙන්නේ ඇයි?, රොකට් සහ බූස්ටර සුදු පැහැයෙන් වර්ණාලේප කරන්නේ ඇයි?,1